link,name
face+masks,Face Masks
hand+sanitizers,Hand Sanitizers
ornaments,Christmas Ornaments
mugs,Mugs
coasters,Coasters
pillows,Pillows & Poufs
blankets,Blankets
magnets,Magnets
puzzles,Puzzles
bandanas,Bandanas
tshirts,T-Shirts
mens+clothing,Men's Clothing
womens+clothing,Women's Clothing
kids+clothing,Kids' Clothing
hats,Hats
tote+bags,Totes & Shopping Bags
keychains,Keychains
buttons,Buttons
invitations,Invitations & Announcements
cards,Greeting Cards
postcards,Postcards
holiday+cards,Holiday Cards
thank+you+cards,Thank You Cards
note+cards,Note Cards
envelopes,Envelopes
rubber+stamps,Rubber Stamps
return+address+labels,Return Address Labels
posters,Posters
canvas+prints,Canvas Prints
wood+wall+art,Wall Wood Art
wrapping+paper,Wrapping Paper
stickers,Stickers
gift+bags,Gift Bags
paper+napkins,Paper Napkins
paper+plates,Paper Plates
fabric,Fabric
business+cards,Business Cards
post+it+notes,Post-it® Notes
notebooks,Notebooks
planners,Planners
calendars,Calendars
binders,Avery® Binders
pens,Pens
letterhead,Letterhead
business+supplies,Small Business Supplies
iphone+cases,iPhone Cases
samsung+cases,Samsung Cases
google+cases,Google Cases
ipad+cases,iPad Cases & Covers
mousepads,Mouse Pads
usb+flash+drives,USB Flash Drives
laptop+skins,Laptop Stickers & Skins
apple+watch+bands,Apple Watch Bands
phone+grips,Phone Grips
baby+bodysuits,Baby Bodysuits
baby+shirts,Baby T-Shirts
lunch+boxes,Lunch Boxes
pacifiers,Pacifiers
baby+bibs,Baby Bibs
baby+blankets,Baby Blankets
nursery+decor,Nursery Décor
stuffed+animals,Stuffed Animals
kids+labels,Name Labels
wedding+invitations,Wedding Invitations
wedding+save+the+date+invitations,Save the Dates
return+address+labels,Return Address Labels
wedding+stickers,Stickers & Labels
wedding+favor+tags,Favor Tags
wedding+gifts,Favors & Gifts
wedding+signs,Wedding Signs
wedding+programs,Programs
wedding+seating+charts,Seating Charts
